customer_id,churn
24213,1.0
24214,1.0
24215,1.0
24216,1.0
24218,1.0
24219,1.0
24220,1.0
24222,1.0
24223,0.0
24225,1.0
24226,1.0
24227,1.0
24229,0.0
24231,1.0
24232,1.0
24233,1.0
24234,0.0
24235,1.0
24236,0.0
24237,1.0
24238,1.0
24239,0.0
24241,1.0
24242,1.0
24244,0.0
24245,1.0
24247,0.0
24253,0.0
24254,1.0
24255,1.0
24256,1.0
24258,1.0
24260,0.0
24261,1.0
24263,0.0
24265,1.0
24266,1.0
24268,1.0
24272,1.0
24273,1.0
24274,1.0
24275,1.0
24276,1.0
24278,0.0
24279,1.0
24280,1.0
24282,1.0
24284,1.0
24286,1.0
24287,0.0
24288,1.0
24290,0.0
24292,0.0
24293,1.0
24294,1.0
24295,1.0
24296,1.0
24298,1.0
24299,1.0
24300,1.0
24301,1.0
24302,1.0
24305,1.0
24306,1.0
24307,1.0
24309,1.0
24310,0.0
24311,1.0
24312,1.0
24313,1.0
24314,1.0
24315,0.0
24316,1.0
24317,1.0
24318,0.0
24319,1.0
24320,1.0
24321,1.0
24322,1.0
24323,0.0
24324,1.0
24325,1.0
24326,1.0
24329,1.0
24330,1.0
24333,1.0
24334,1.0
24335,1.0
24336,1.0
24337,1.0
24338,1.0
24339,1.0
24340,1.0
24341,1.0
24343,0.0
24346,0.0
24348,1.0
24349,1.0
24350,1.0
24351,1.0
24352,1.0
24353,1.0
24355,1.0
24358,1.0
24359,1.0
24360,0.0
24361,0.0
24362,0.0
24363,1.0
24365,1.0
24366,1.0
24367,0.0
24368,0.0
24369,0.0
24372,1.0
24373,1.0
24374,1.0
24375,1.0
24377,0.0
24378,1.0
24379,0.0
24380,1.0
24381,0.0
24382,0.0
24384,0.0
24385,0.0
24389,1.0
24392,1.0
24393,1.0
24394,1.0
24396,1.0
24397,0.0
24400,1.0
24401,1.0
24402,1.0
24403,1.0
24404,1.0
24405,1.0
24406,1.0
24407,1.0
24408,0.0
24409,1.0
24411,1.0
24412,1.0
24413,1.0
24414,1.0
24415,1.0
24417,1.0
24419,1.0
24422,1.0
24423,1.0
24424,1.0
24425,1.0
24426,1.0
24427,1.0
24428,1.0
24429,1.0
24431,1.0
24434,1.0
24435,1.0
24436,1.0
24437,1.0
24440,1.0
24441,1.0
24443,1.0
24444,1.0
24445,1.0
24446,0.0
24447,1.0
24448,0.0
24449,1.0
24450,1.0
24451,1.0
24452,0.0
24453,1.0
24454,1.0
24455,1.0
24456,1.0
24457,0.0
24459,0.0
24460,0.0
24461,0.0
24462,0.0
24464,1.0
24465,1.0
24466,1.0
24467,1.0
24468,1.0
24469,1.0
24471,1.0
24472,1.0
24473,1.0
24474,1.0
24475,1.0
24476,1.0
24477,1.0
24479,0.0
24480,1.0
24481,1.0
24483,1.0
24484,0.0
24486,1.0
24487,1.0
24488,0.0
24489,0.0
24490,0.0
24491,0.0
24492,1.0
24493,1.0
24494,0.0
24495,0.0
24496,1.0
24497,1.0
24498,1.0
24499,1.0
24500,1.0
24501,1.0
24502,1.0
24503,1.0
24504,0.0
24505,1.0
24506,0.0
24507,1.0
24508,1.0
24510,0.0
24511,1.0
24512,1.0
24513,1.0
24514,1.0
24515,1.0
24516,1.0
24518,1.0
24519,1.0
24520,1.0
24521,1.0
24522,1.0
24524,1.0
24525,1.0
24526,1.0
24527,0.0
24528,1.0
24529,1.0
24530,1.0
24531,1.0
24532,0.0
24534,0.0
24536,0.0
24538,1.0
24540,1.0
24542,1.0
24543,1.0
24544,1.0
24545,1.0
24546,1.0
24547,0.0
24548,1.0
24549,1.0
24550,1.0
24551,1.0
24552,1.0
24555,1.0
24556,1.0
24557,1.0
24558,1.0
24560,1.0
24563,0.0
24564,1.0
24565,0.0
24566,1.0
24567,1.0
24570,1.0
24571,1.0
24572,1.0
24574,1.0
24575,1.0
24576,1.0
24577,1.0
24579,1.0
24581,1.0
24583,0.0
24585,1.0
24586,1.0
24587,1.0
24588,1.0
24589,1.0
24592,1.0
24593,0.0
24594,1.0
24595,1.0
24596,1.0
24597,0.0
24598,0.0
24599,1.0
24601,1.0
24603,1.0
24604,1.0
24606,0.0
24607,0.0
24608,1.0
24610,1.0
24613,1.0
24614,0.0
24615,1.0
24616,0.0
24617,1.0
24618,1.0
24619,1.0
24620,1.0
24621,1.0
24622,1.0
24623,1.0
24624,1.0
24625,1.0
24626,0.0
24629,0.0
24632,1.0
24635,0.0
24636,1.0
24638,1.0
24639,0.0
24640,1.0
24641,1.0
24642,1.0
24643,1.0
24644,1.0
24646,1.0
24647,1.0
24648,0.0
24650,1.0
24651,1.0
24653,1.0
24655,1.0
24656,0.0
24657,0.0
24659,1.0
24660,1.0
24661,0.0
24662,0.0
24663,1.0
24664,1.0
24665,0.0
24667,1.0
24668,1.0
24671,0.0
24672,0.0
24673,1.0
24676,0.0
24677,0.0
24678,1.0
24679,0.0
24680,1.0
24681,0.0
24682,1.0
24683,1.0
24685,1.0
24686,1.0
24687,1.0
24688,1.0
24689,1.0
24690,1.0
24691,0.0
24697,0.0
24699,1.0
24700,1.0
24701,1.0
24702,1.0
24703,1.0
24705,1.0
24706,1.0
24707,1.0
24708,1.0
24709,1.0
24710,1.0
24711,0.0
24712,1.0
24713,1.0
24715,0.0
24716,1.0
24717,1.0
24719,1.0
24723,1.0
24724,1.0
24725,0.0
24727,1.0
24728,1.0
24729,1.0
24730,0.0
24732,1.0
24734,0.0
24736,1.0
24737,1.0
24738,0.0
24739,1.0
24740,1.0
24741,1.0
24743,0.0
24745,0.0
24746,1.0
24747,1.0
24748,0.0
24749,1.0
24750,1.0
24752,0.0
24753,1.0
24754,1.0
24755,1.0
24756,0.0
24758,1.0
24759,1.0
24761,1.0
24765,1.0
24766,1.0
24767,1.0
24768,1.0
24770,1.0
24771,1.0
24773,1.0
24774,1.0
24775,1.0
24779,0.0
24780,1.0
24781,1.0
24787,1.0
24788,1.0
24789,1.0
24790,1.0
24791,1.0
24792,0.0
24794,1.0
24796,1.0
24798,1.0
24799,0.0
24801,1.0
24802,1.0
24804,1.0
24805,0.0
24806,1.0
24808,1.0
24809,1.0
24810,1.0
24811,1.0
24812,1.0
24815,1.0
24816,1.0
24817,1.0
24819,1.0
24820,1.0
24821,1.0
24823,1.0
24824,1.0
24825,1.0
24827,1.0
24828,0.0
24829,0.0
24830,1.0
24831,1.0
24832,1.0
24834,1.0
24835,1.0
24837,0.0
24838,1.0
24839,0.0
24840,1.0
24841,1.0
24842,1.0
24843,1.0
24845,1.0
24846,1.0
24848,0.0
24849,1.0
24850,1.0
24851,1.0
24852,1.0
24853,1.0
24856,0.0
24857,1.0
24859,1.0
24860,1.0
24861,1.0
24862,1.0
24865,1.0
24867,1.0
24868,1.0
24869,1.0
24870,0.0
24871,1.0
24872,1.0
24874,1.0
24875,1.0
24876,0.0
24877,1.0
24878,1.0
24881,0.0
24882,1.0
24883,0.0
24884,1.0
24885,1.0
24888,1.0
24889,1.0
24890,1.0
24892,1.0
24894,0.0
24895,0.0
24896,1.0
24897,0.0
24898,1.0
24899,1.0
24900,0.0
24901,1.0
24902,1.0
24903,1.0
24904,1.0
24905,0.0
24906,1.0
24907,1.0
24908,0.0
24909,0.0
24910,1.0
24911,1.0
24912,1.0
24913,1.0
24914,1.0
24915,1.0
24916,0.0
24917,0.0
24918,1.0
24919,0.0
24921,1.0
24922,1.0
24923,1.0
24924,1.0
24927,0.0
24929,1.0
24932,1.0
24933,1.0
24934,1.0
24935,1.0
24936,1.0
24937,1.0
24938,1.0
24940,1.0
24941,1.0
24942,1.0
24944,1.0
24945,0.0
24946,1.0
24948,1.0
24951,1.0
24953,1.0
24954,0.0
24955,0.0
24957,0.0
24960,1.0
24961,1.0
24963,1.0
24964,1.0
24965,1.0
24966,1.0
24967,1.0
24971,1.0
24973,1.0
24974,1.0
24975,1.0
24976,1.0
24977,0.0
24978,1.0
24979,1.0
24980,1.0
24981,0.0
24984,0.0
24985,1.0
24986,1.0
24987,1.0
24988,1.0
24990,1.0
24992,1.0
24993,1.0
24994,1.0
24996,1.0
24997,1.0
24998,1.0
24999,1.0
25000,1.0
25001,1.0
25003,1.0
25006,1.0
25007,0.0
25009,0.0
25010,1.0
25011,1.0
25012,1.0
25014,1.0
25015,1.0
25016,1.0
25018,0.0
25021,0.0
25022,0.0
25023,1.0
25025,0.0
25027,1.0
25028,1.0
25029,1.0
25030,1.0
25032,0.0
25033,1.0
25034,1.0
25035,1.0
25036,1.0
25037,1.0
25038,1.0
25039,1.0
25040,1.0
25041,1.0
25042,1.0
25043,0.0
25044,1.0
25045,1.0
25047,1.0
25049,1.0
25050,0.0
25051,1.0
25052,1.0
25054,1.0
25055,1.0
25056,1.0
25057,1.0
25058,1.0
25059,1.0
25063,1.0
25064,0.0
25066,1.0
25067,1.0
25068,1.0
25071,1.0
25072,1.0
25073,1.0
25074,0.0
25075,0.0
25076,0.0
25079,1.0
25081,1.0
25082,1.0
25083,1.0
25084,0.0
25085,1.0
25086,1.0
25087,1.0
25088,1.0
25089,1.0
25090,0.0
25091,1.0
25092,1.0
25093,1.0
25094,1.0
25095,0.0
25096,0.0
25097,0.0
25098,1.0
25099,1.0
25101,1.0
25105,1.0
25108,0.0
25109,1.0
25110,1.0
25111,1.0
25112,1.0
25113,1.0
25114,1.0
25116,0.0
25117,1.0
25118,0.0
25119,0.0
25120,1.0
25122,1.0
25123,1.0
25124,1.0
25125,1.0
25126,1.0
25127,1.0
25128,1.0
25129,1.0
25130,1.0
25134,1.0
25135,1.0
25139,1.0
25141,0.0
25142,1.0
25143,1.0
25144,1.0
25145,1.0
25147,1.0
25148,1.0
25149,0.0
25150,1.0
25152,1.0
25154,1.0
25155,1.0
25156,1.0
25157,1.0
25158,1.0
25159,1.0
25162,1.0
25164,1.0
25166,1.0
25168,1.0
25169,1.0
25170,0.0
25171,1.0
25172,1.0
25173,1.0
25174,1.0
25175,0.0
25176,1.0
25177,1.0
25178,1.0
25179,1.0
25181,0.0
25183,1.0
25185,0.0
25186,1.0
25187,1.0
25188,1.0
25190,1.0
25191,1.0
25192,1.0
25193,1.0
25194,1.0
25198,0.0
25199,1.0
25201,1.0
25202,1.0
25204,1.0
25205,1.0
25206,1.0
25207,1.0
25208,1.0
25209,1.0
25210,0.0
25211,1.0
25212,1.0
25213,1.0
25214,1.0
25215,1.0
25216,1.0
25218,1.0
25220,1.0
25221,1.0
25223,1.0
25224,1.0
25225,0.0
25226,1.0
25227,1.0
25228,1.0
25229,1.0
25230,1.0
25233,1.0
25234,1.0
25235,1.0
25236,1.0
25237,1.0
25238,1.0
25239,1.0
25240,1.0
25241,1.0
25242,0.0
25244,1.0
25245,1.0
25246,0.0
25247,1.0
25248,1.0
25249,1.0
25250,0.0
25252,1.0
25253,1.0
25255,1.0
25256,0.0
25257,1.0
25258,1.0
25259,1.0
25260,1.0
25261,1.0
25265,0.0
25266,0.0
25267,1.0
25268,1.0
25270,1.0
25271,1.0
25272,1.0
25273,0.0
25274,1.0
25275,1.0
25278,1.0
25279,1.0
25280,1.0
25282,1.0
25283,1.0
25284,1.0
25285,1.0
25286,1.0
25287,1.0
25288,1.0
25289,1.0
25290,0.0
25292,1.0
25293,1.0
25294,1.0
25296,1.0
25297,0.0
25298,1.0
25299,1.0
25300,1.0
25302,1.0
25303,1.0
25304,0.0
25305,0.0
25306,1.0
25307,1.0
25308,1.0
25309,0.0
25310,1.0
25311,1.0
25312,1.0
25313,1.0
25314,1.0
25316,1.0
25317,1.0
25318,1.0
25319,0.0
25320,1.0
25321,1.0
25322,1.0
25323,1.0
25325,1.0
25326,1.0
25328,0.0
25329,1.0
25330,1.0
25331,1.0
25332,1.0
25333,1.0
25334,0.0
25335,1.0
25336,0.0
25337,1.0
25338,1.0
25340,1.0
25345,1.0
25348,1.0
25351,1.0
25352,1.0
25354,1.0
25356,1.0
25357,1.0
25358,0.0
25360,1.0
25361,1.0
25363,1.0
25364,1.0
25365,1.0
25366,0.0
25367,1.0
25368,1.0
25369,1.0
25370,0.0
25371,0.0
25372,1.0
25373,0.0
25376,1.0
25378,0.0
25380,1.0
25381,1.0
25382,1.0
25384,1.0
25386,1.0
25387,1.0
25389,1.0
25390,1.0
25391,1.0
25392,1.0
25394,1.0
25395,0.0
25396,1.0
25397,1.0
25398,1.0
25399,1.0
25402,0.0
25404,1.0
25405,0.0
25406,0.0
25407,1.0
25408,1.0
25409,1.0
25410,1.0
25411,1.0
25412,1.0
25413,1.0
25414,0.0
25415,1.0
25417,1.0
25418,1.0
25419,0.0
25421,1.0
25423,1.0
25425,1.0
25426,1.0
25427,1.0
25429,1.0
25430,1.0
25432,1.0
25434,1.0
25436,1.0
25438,1.0
25440,1.0
25441,1.0
25442,1.0
25443,1.0
25444,1.0
25446,1.0
25447,1.0
25448,1.0
25450,0.0
25452,1.0
25454,1.0
25455,1.0
25456,1.0
25457,1.0
25459,1.0
25460,1.0
25462,0.0
25466,1.0
25467,1.0
25468,1.0
25470,1.0
25471,1.0
25472,0.0
25473,0.0
25474,0.0
25475,1.0
25476,1.0
25477,0.0
25480,0.0
25481,1.0
25482,1.0
25484,0.0
25485,0.0
25486,1.0
25487,1.0
25488,1.0
25489,1.0
25490,1.0
25491,0.0
25494,1.0
25495,1.0
25496,1.0
25497,1.0
25498,1.0
25499,1.0
25500,1.0
25501,1.0
25502,1.0
25503,1.0
25504,1.0
25505,1.0
25507,1.0
25508,1.0
25511,1.0
25512,1.0
25513,1.0
25514,1.0
25515,0.0
25517,1.0
25518,0.0
25520,1.0
25522,1.0
25523,1.0
25525,1.0
25526,1.0
25527,0.0
25528,1.0
25529,1.0
25530,1.0
25532,1.0
25533,1.0
25538,1.0
25541,1.0
25542,1.0
25543,1.0
25544,1.0
25545,1.0
25547,0.0
25550,1.0
25553,0.0
25555,0.0
25556,1.0
25557,1.0
25558,1.0
25559,1.0
25560,1.0
25562,0.0
25563,0.0
25564,1.0
25565,0.0
25566,0.0
25569,1.0
25570,1.0
25571,1.0
25572,1.0
25573,1.0
25574,1.0
25575,0.0
25576,0.0
25577,1.0
25579,1.0
25581,0.0
25584,1.0
25586,1.0
25587,1.0
25588,1.0
25589,1.0
25590,1.0
25591,1.0
25593,1.0
25594,1.0
25596,1.0
25599,1.0
25600,1.0
25601,1.0
25602,0.0
25603,1.0
25604,1.0
25605,1.0
25606,1.0
25607,1.0
25608,1.0
25609,1.0
25611,0.0
25613,1.0
25614,1.0
25615,1.0
25616,1.0
25618,1.0
25619,0.0
25620,1.0
25621,1.0
25622,0.0
25623,0.0
25625,0.0
25629,1.0
25630,1.0
25631,1.0
25634,1.0
25636,1.0
25638,1.0
25639,1.0
25640,1.0
25641,1.0
25642,1.0
25643,1.0
25644,0.0
25645,1.0
25647,1.0
25648,0.0
25649,1.0
25650,1.0
25651,0.0
25653,1.0
25654,1.0
25655,1.0
25656,1.0
25657,1.0
25658,1.0
25659,1.0
25660,0.0
25662,0.0
25664,0.0
25667,1.0
25668,1.0
25669,1.0
25670,1.0
25671,0.0
25672,1.0
25673,1.0
25674,0.0
25675,1.0
25676,0.0
25677,0.0
25678,1.0
25679,1.0
25680,1.0
25681,1.0
25682,1.0
25683,1.0
25684,1.0
25686,1.0
25687,0.0
25688,1.0
25689,0.0
25690,1.0
25691,1.0
25692,1.0
25693,1.0
25694,1.0
25695,1.0
25696,1.0
25697,1.0
25698,1.0
25700,0.0
25701,1.0
25705,1.0
25706,1.0
25707,1.0
25708,1.0
25709,1.0
25710,0.0
25711,0.0
25712,0.0
25713,0.0
25714,1.0
25715,0.0
25717,1.0
25719,1.0
25720,1.0
25722,1.0
25723,1.0
25724,1.0
25726,1.0
25727,1.0
25728,1.0
25733,1.0
25734,1.0
25735,1.0
25737,1.0
25738,1.0
25739,1.0
25740,1.0
25741,0.0
25742,1.0
25743,1.0
25744,1.0
25745,1.0
25746,1.0
25747,1.0
25749,1.0
25750,1.0
25751,1.0
25753,1.0
25755,0.0
25757,1.0
25759,1.0
25760,1.0
25761,0.0
25762,0.0
25764,1.0
25765,1.0
25766,1.0
25767,1.0
25768,1.0
25770,0.0
25771,1.0
25772,1.0
25773,1.0
25774,1.0
25775,1.0
25777,1.0
25778,1.0
25779,0.0
25780,1.0
25783,1.0
25784,1.0
25785,0.0
25786,1.0
25787,1.0
25788,1.0
25790,1.0
25791,1.0
25792,1.0
25793,0.0
25795,1.0
25796,1.0
25797,0.0
25798,1.0
25800,1.0
25801,1.0
25802,1.0
25803,0.0
25804,1.0
25806,1.0
25807,0.0
25808,1.0
25809,1.0
25810,1.0
25811,0.0
25812,1.0
25813,1.0
25814,1.0
25817,1.0
25819,1.0
25821,1.0
25822,1.0
25823,1.0
25824,0.0
25825,1.0
25828,1.0
25832,1.0
25833,1.0
25835,0.0
25836,1.0
25837,1.0
25839,0.0
25840,0.0
25841,1.0
25842,1.0
25843,1.0
25844,1.0
25846,1.0
25850,0.0
25851,1.0
25853,1.0
25854,1.0
25855,1.0
25857,1.0
25858,1.0
25860,1.0
25861,1.0
25862,1.0
25863,0.0
25867,1.0
25868,1.0
25872,1.0
25873,1.0
25874,1.0
25875,1.0
25876,0.0
25877,1.0
25879,0.0
25880,1.0
25881,1.0
25882,1.0
25883,1.0
25885,1.0
25886,1.0
25887,1.0
25888,0.0
25889,1.0
25890,1.0
25891,1.0
25893,1.0
25894,1.0
25896,1.0
25897,0.0
25899,1.0
25900,1.0
25901,1.0
25903,1.0
25904,0.0
25906,1.0
25907,1.0
25908,1.0
25909,1.0
25913,1.0
25914,1.0
25915,1.0
25916,1.0
25917,1.0
25919,1.0
25921,1.0
25923,1.0
25924,1.0
25925,0.0
25926,1.0
25927,1.0
25928,0.0
25931,1.0
25932,0.0
25933,1.0
25935,0.0
25936,1.0
25937,1.0
25938,1.0
25939,1.0
25940,0.0
25941,0.0
25942,1.0
25943,1.0
25944,1.0
25947,1.0
25949,1.0
25950,1.0
25951,0.0
25952,1.0
25954,1.0
25955,1.0
25957,0.0
25958,1.0
25960,0.0
25961,1.0
25962,1.0
25963,1.0
25964,0.0
25968,1.0
25969,1.0
25971,1.0
25973,1.0
25974,1.0
25975,1.0
25976,0.0
25977,1.0
25978,1.0
25979,1.0
25981,1.0
25982,1.0
25983,0.0
25984,0.0
25985,1.0
25986,1.0
25987,1.0
25989,1.0
25990,1.0
25991,1.0
25992,1.0
25993,0.0
25995,1.0
25996,1.0
25998,1.0
25999,1.0
26002,1.0
26003,1.0
26004,1.0
26005,1.0
26006,1.0
26008,1.0
26010,1.0
26012,1.0
26013,1.0
26015,1.0
26016,1.0
26017,1.0
26018,1.0
26019,0.0
26020,1.0
26022,0.0
26023,1.0
26024,1.0
26025,1.0
26027,1.0
26028,0.0
26029,1.0
26030,1.0
26032,1.0
26033,1.0
26034,1.0
26036,1.0
26037,1.0
26038,1.0
26039,1.0
26040,1.0
26042,1.0
26043,1.0
26044,1.0
26046,1.0
26047,1.0
26048,1.0
26049,0.0
26050,1.0
26053,1.0
26054,1.0
26055,1.0
26056,0.0
26061,1.0
26063,1.0
26065,1.0
26068,1.0
26070,1.0
26071,1.0
26072,0.0
26074,1.0
26075,1.0
26076,1.0
26077,1.0
26078,1.0
26080,0.0
26081,1.0
26082,1.0
26083,1.0
26084,0.0
26085,1.0
26086,1.0
26087,0.0
26088,1.0
26090,0.0
26091,1.0
26092,1.0
26093,1.0
26094,1.0
26096,1.0
26098,1.0
26099,1.0
26101,1.0
26103,1.0
26104,1.0
26105,1.0
26106,1.0
26107,1.0
26109,1.0
26111,1.0
26113,0.0
26114,0.0
26116,1.0
26117,0.0
26118,1.0
26119,1.0
26120,0.0
26121,1.0
26122,1.0
26123,1.0
26124,0.0
26125,0.0
26128,1.0
26129,1.0
26132,1.0
26133,1.0
26134,1.0
26135,1.0
26137,0.0
26138,1.0
26139,0.0
26140,1.0
26141,1.0
26142,1.0
26143,1.0
26144,1.0
26145,1.0
26146,0.0
26147,1.0
26148,1.0
26149,1.0
26150,1.0
26152,1.0
26154,1.0
26155,1.0
26156,0.0
26157,1.0
26158,1.0
26159,1.0
26160,1.0
26161,1.0
26163,1.0
26164,1.0
26165,1.0
26166,1.0
26167,1.0
26168,1.0
26169,1.0
26173,1.0
26174,1.0
26175,0.0
26176,0.0
26177,1.0
26178,1.0
26179,0.0
26181,1.0
26183,1.0
26184,1.0
26185,1.0
26187,1.0
26188,1.0
26190,1.0
26192,1.0
26193,0.0
26194,0.0
26196,0.0
26198,1.0
26199,1.0
26200,1.0
26201,0.0
26202,1.0
26203,1.0
26204,1.0
26205,1.0
26207,1.0
26209,1.0
26210,1.0
26212,0.0
26213,1.0
26214,1.0
26215,1.0
26216,1.0
26219,1.0
26220,1.0
26222,0.0
26223,1.0
26225,1.0
26227,1.0
26228,1.0
26229,1.0
26230,1.0
26231,1.0
26233,1.0
26236,1.0
26237,0.0
26238,1.0
26239,0.0
26240,1.0
26242,0.0
26243,1.0
26244,1.0
26245,1.0
26246,1.0
26247,1.0
26248,1.0
26249,1.0
26250,1.0
26251,0.0
26252,1.0
26254,1.0
26255,1.0
26256,1.0
26257,1.0
26258,1.0
26260,1.0
26263,1.0
26264,0.0
26265,1.0
26266,0.0
26269,0.0
26270,1.0
26271,0.0
26272,1.0
26273,1.0
26274,0.0
26276,1.0
26277,1.0
26278,1.0
26279,1.0
26280,1.0
26281,1.0
26282,1.0
26284,0.0
26287,0.0
26288,1.0
26289,1.0
26290,1.0
26291,0.0
26292,1.0
26294,1.0
26296,0.0
26297,1.0
26298,1.0
26299,1.0
26300,1.0
26301,0.0
26302,1.0
26303,0.0
26304,1.0
26305,1.0
26307,1.0
26308,1.0
26309,1.0
26310,1.0
26311,1.0
26312,1.0
26314,1.0
26315,1.0
26317,1.0
26318,1.0
26319,1.0
26321,1.0
26322,1.0
26324,1.0
26325,1.0
26326,1.0
26328,1.0
26329,1.0
26330,1.0
26333,1.0
26336,1.0
26337,0.0
26338,1.0
26341,0.0
26342,1.0
26343,0.0
26344,1.0
26345,1.0
26346,1.0
26348,1.0
26349,1.0
26350,0.0
26352,1.0
26353,1.0
26354,1.0
26355,1.0
26356,1.0
26357,0.0
26358,1.0
26360,1.0
26361,1.0
26363,1.0
26365,1.0
26366,1.0
26367,1.0
26368,1.0
26371,1.0
26372,1.0
26375,1.0
26379,0.0
26380,0.0
26381,1.0
26382,1.0
26383,1.0
26385,1.0
26386,0.0
26387,1.0
26388,0.0
26389,1.0
26390,1.0
26393,1.0
26394,1.0
26395,1.0
26397,1.0
26398,1.0
26399,1.0
26400,1.0
26401,1.0
26403,1.0
26404,1.0
26405,1.0
26406,1.0
26410,1.0
26411,1.0
26412,0.0
26413,1.0
26414,1.0
26415,1.0
26416,1.0
26418,1.0
26421,1.0
26422,1.0
26423,1.0
26424,1.0
26428,1.0
26431,0.0
26432,1.0
26433,0.0
26434,1.0
26435,1.0
26436,1.0
26438,1.0
26439,1.0
26440,1.0
26441,1.0
26443,1.0
26444,1.0
26445,0.0
26449,1.0
26450,1.0
26451,1.0
26452,0.0
26453,1.0
26454,1.0
26455,1.0
26456,1.0
26457,0.0
26458,1.0
26460,1.0
26463,0.0
26465,1.0
26466,0.0
26468,1.0
26470,1.0
26473,1.0
26475,1.0
26476,1.0
26477,1.0
26478,0.0
26480,0.0
26481,1.0
26483,1.0
26485,1.0
26487,0.0
26488,1.0
26489,1.0
26490,0.0
26491,1.0
26493,1.0
26494,1.0
26496,1.0
26497,1.0
26498,1.0
26499,0.0
26503,1.0
26504,1.0
26506,0.0
26507,0.0
26509,1.0
26510,1.0
26511,1.0
26512,1.0
26513,1.0
26514,1.0
26515,1.0
26516,0.0
26518,0.0
26520,0.0
26521,1.0
26522,1.0
26523,0.0
26525,1.0
26527,1.0
26528,1.0
26530,1.0
26531,1.0
26532,1.0
26533,1.0
26534,1.0
26535,1.0
26537,0.0
26538,1.0
26540,1.0
26541,0.0
26542,0.0
26543,1.0
26545,1.0
26546,1.0
26547,1.0
26548,1.0
26550,1.0
26552,1.0
26553,0.0
26555,1.0
26557,1.0
26558,1.0
26560,1.0
26561,1.0
26562,1.0
26563,1.0
26564,1.0
26565,1.0
26567,1.0
26570,1.0
26572,1.0
26573,1.0
26574,1.0
26575,1.0
26576,0.0
26577,1.0
26578,0.0
26579,1.0
26581,1.0
26582,1.0
26583,1.0
26586,1.0
26587,1.0
26588,1.0
26589,1.0
26591,1.0
26592,1.0
26593,1.0
26594,0.0
26595,1.0
26596,1.0
26597,0.0
26598,1.0
26600,1.0
26601,0.0
26602,1.0
26603,1.0
26604,1.0
26606,1.0
26607,1.0
26608,0.0
26611,1.0
26613,1.0
26615,1.0
26617,0.0
26618,1.0
26619,1.0
26620,1.0
26621,1.0
26622,1.0
26623,1.0
26624,1.0
26625,0.0
26627,1.0
26629,1.0
26633,1.0
26635,0.0
26636,0.0
26637,1.0
26639,1.0
26642,1.0
26643,1.0
26644,1.0
26646,1.0
26647,0.0
26648,1.0
26649,1.0
26650,1.0
26652,1.0
26653,0.0
26654,1.0
26655,1.0
26656,1.0
26657,1.0
26658,1.0
26659,1.0
26660,0.0
26661,1.0
26662,1.0
26663,1.0
26664,1.0
26665,1.0
26666,1.0
26667,1.0
26668,1.0
26669,1.0
26670,1.0
26671,1.0
26672,0.0
26674,1.0
26675,1.0
26676,1.0
26677,0.0
26679,0.0
26682,1.0
26684,1.0
26685,1.0
26686,1.0
26687,1.0
26689,1.0
26690,1.0
26691,1.0
26692,1.0
26694,1.0
26696,0.0
26697,1.0
26699,1.0
26701,1.0
26702,1.0
26704,1.0
26705,1.0
26710,1.0
26711,1.0
26712,1.0
26713,1.0
26715,1.0
26716,1.0
26718,1.0
26719,1.0
26721,0.0
26723,1.0
26725,0.0
26726,1.0
26729,1.0
26732,1.0
26733,1.0
26735,0.0
26738,1.0
26739,0.0
26740,1.0
26742,1.0
26743,1.0
26744,1.0
26745,1.0
26746,0.0
26747,0.0
26748,0.0
26749,1.0
26750,1.0
26751,1.0
26752,1.0
26753,1.0
26756,0.0
26757,1.0
26758,1.0
26759,1.0
26760,1.0
26761,1.0
26762,1.0
26763,0.0
26764,0.0
26765,1.0
26766,1.0
26768,1.0
26770,1.0
26772,1.0
26773,1.0
26774,1.0
26775,1.0
26776,1.0
26777,1.0
26778,1.0
26779,1.0
26780,1.0
26782,0.0
26783,1.0
26784,1.0
26787,1.0
26788,1.0
26791,1.0
26792,1.0
26794,1.0
26795,1.0
26796,1.0
26797,1.0
26799,0.0
26801,1.0
26803,1.0
26804,0.0
26805,1.0
26806,1.0
26808,1.0
26809,1.0
26810,1.0
26812,1.0
26813,1.0
26814,1.0
26815,1.0
26816,1.0
26819,1.0
26821,1.0
26822,1.0
26823,1.0
26824,1.0
26825,1.0
26826,0.0
26827,0.0
26830,1.0
26832,1.0
26834,1.0
26836,1.0
26837,1.0
26838,0.0
26839,0.0
26840,1.0
26841,1.0
26842,1.0
26843,0.0
26844,1.0
26845,1.0
26846,0.0
26847,0.0
26848,0.0
26849,1.0
26851,1.0
26853,0.0
26855,1.0
26856,0.0
26857,1.0
26858,1.0
26859,1.0
26860,1.0
26861,1.0
26862,1.0
26863,0.0
26865,1.0
26866,1.0
26867,1.0
26868,0.0
26869,1.0
26870,1.0
26871,1.0
26872,1.0
26874,1.0
26875,1.0
26877,1.0
26878,1.0
26879,1.0
26880,0.0
26881,1.0
26882,1.0
26884,1.0
26885,1.0
26886,1.0
26887,1.0
26888,1.0
26889,1.0
26890,1.0
26894,1.0
26895,1.0
26897,1.0
26898,1.0
26899,1.0
26902,1.0
26903,1.0
26904,0.0
26906,0.0
26907,1.0
26908,1.0
26909,1.0
26910,1.0
26913,1.0
26916,1.0
26918,1.0
26920,1.0
26922,0.0
26923,1.0
26926,1.0
26927,1.0
26928,1.0
26930,0.0
26932,1.0
26933,1.0
26934,1.0
26935,1.0
26937,0.0
26938,1.0
26939,1.0
26940,1.0
26943,1.0
26944,1.0
26947,1.0
26948,1.0
26949,0.0
26950,1.0
26951,1.0
26952,1.0
26953,1.0
26954,1.0
26957,1.0
26958,0.0
26960,1.0
26961,0.0
26962,1.0
26963,1.0
26964,0.0
26967,1.0
26969,1.0
26970,1.0
26971,1.0
26973,1.0
26974,0.0
26975,1.0
26976,1.0
26977,1.0
26979,1.0
26980,1.0
26981,1.0
26982,1.0
26984,1.0
26986,0.0
26987,1.0
26988,1.0
26989,1.0
26990,1.0
26991,0.0
26992,1.0
26993,1.0
26994,1.0
26995,1.0
26997,1.0
26998,1.0
26999,1.0
27000,1.0
27001,1.0
27002,1.0
27003,1.0
27004,0.0
27005,1.0
27006,0.0
27009,1.0
27010,1.0
27012,1.0
27013,0.0
27014,1.0
27015,1.0
27016,1.0
27017,1.0
27018,1.0
27019,1.0
27021,0.0
27022,1.0
27023,1.0
27024,1.0
27027,1.0
27030,1.0
27031,1.0
27032,1.0
27033,1.0
27034,0.0
27035,1.0
27036,1.0
27037,0.0
27038,1.0
27039,0.0
27040,1.0
27042,1.0
27043,1.0
27045,1.0
27046,1.0
27047,1.0
27048,1.0
27049,0.0
27051,1.0
27052,1.0
27053,1.0
27054,1.0
27055,1.0
27057,1.0
27060,0.0
27063,0.0
27065,0.0
27067,1.0
27071,1.0
27072,1.0
27073,0.0
27075,1.0
27078,1.0
27080,1.0
27081,1.0
27084,0.0
27086,1.0
27088,1.0
27089,1.0
27090,1.0
27091,1.0
27092,0.0
27094,0.0
27096,1.0
27097,1.0
27098,1.0
27099,1.0
27100,1.0
27103,0.0
27104,1.0
27105,1.0
27106,0.0
27107,1.0
27108,1.0
27109,1.0
27110,0.0
27111,1.0
27114,0.0
27115,1.0
27116,1.0
27117,1.0
27119,1.0
27120,1.0
27121,0.0
27122,1.0
27123,1.0
27125,1.0
27126,0.0
27127,1.0
27128,1.0
27131,1.0
27132,1.0
27134,1.0
27135,1.0
27138,1.0
27139,1.0
27141,1.0
27142,1.0
27143,0.0
27144,0.0
27145,1.0
27147,1.0
27149,1.0
27151,1.0
27152,1.0
27155,1.0
27156,1.0
27158,1.0
27159,1.0
27160,0.0
27161,0.0
27162,0.0
27163,1.0
27164,1.0
27165,1.0
27166,1.0
27170,1.0
27171,1.0
27172,1.0
27174,1.0
27175,1.0
27176,1.0
27177,0.0
27178,0.0
27179,1.0
27180,1.0
27181,1.0
27183,1.0
27184,1.0
27185,1.0
27186,1.0
27189,0.0
27190,1.0
27193,1.0
27194,0.0
27195,1.0
27197,0.0
27198,1.0
27199,1.0
27200,0.0
27202,1.0
27203,0.0
27204,1.0
27206,0.0
27207,1.0
27209,1.0
27210,1.0
27211,0.0
27213,1.0
27214,1.0
27215,0.0
27217,0.0
27219,1.0
27220,1.0
27221,1.0
27222,1.0
27223,1.0
27224,1.0
27226,1.0
27227,0.0
27228,1.0
27229,1.0
27231,1.0
27234,1.0
27235,1.0
27237,1.0
27239,1.0
27240,1.0
27241,0.0
27242,1.0
27244,1.0
27246,1.0
27247,1.0
27248,1.0
27250,1.0
27251,0.0
27253,1.0
27254,1.0
27256,1.0
27257,1.0
27258,0.0
27259,1.0
27260,1.0
27261,1.0
27262,0.0
27263,1.0
27264,0.0
27265,1.0
27267,1.0
27268,1.0
27270,1.0
27271,1.0
27272,0.0
27273,1.0
27276,1.0
27279,0.0
27280,1.0
27281,1.0
27282,1.0
27283,1.0
27286,1.0
27288,1.0
27289,1.0
27293,1.0
27294,1.0
27295,1.0
27296,1.0
27297,1.0
27298,1.0
27299,1.0
27301,1.0
27302,1.0
27303,1.0
27304,1.0
27305,1.0
27306,1.0
27307,1.0
27309,1.0
27310,1.0
27312,1.0
27313,1.0
27314,0.0
27315,0.0
27316,1.0
27318,1.0
27320,1.0
27322,0.0
27323,1.0
27326,1.0
27327,1.0
27328,1.0
27329,0.0
27330,1.0
27335,1.0
27337,1.0
27338,1.0
27339,1.0
27340,1.0
27341,1.0
27342,1.0
27343,1.0
27344,1.0
27345,1.0
27346,1.0
27347,1.0
27348,1.0
27350,1.0
27351,1.0
27353,1.0
27355,0.0
27356,1.0
27357,0.0
27358,0.0
27360,1.0
27361,0.0
27363,1.0
27364,1.0
27365,1.0
27366,1.0
27367,1.0
27368,0.0
27369,1.0
27370,1.0
27371,0.0
27372,1.0
27373,1.0
27374,1.0
27375,1.0
27377,1.0
27378,1.0
27379,1.0
27381,1.0
27382,1.0
27383,1.0
27384,1.0
27385,1.0
27387,0.0
27388,1.0
27389,1.0
27390,1.0
27395,1.0
27396,1.0
27397,1.0
27399,1.0
27401,1.0
27402,1.0
27403,1.0
27404,1.0
27405,1.0
27406,1.0
27412,1.0
27413,1.0
27414,0.0
27416,1.0
27417,1.0
27418,1.0
27419,1.0
27422,1.0
27424,1.0
27426,1.0
27428,1.0
27429,1.0
27430,1.0
27431,1.0
27432,1.0
27433,1.0
27434,1.0
27435,1.0
27436,1.0
27437,1.0
27439,1.0
27440,1.0
27441,1.0
27443,0.0
27445,1.0
27446,1.0
27447,1.0
27448,1.0
27449,1.0
27450,1.0
27451,1.0
27452,1.0
27453,0.0
27454,1.0
27455,1.0
27456,1.0
27457,1.0
27458,1.0
27459,1.0
27460,1.0
27461,0.0
27462,1.0
27463,1.0
27464,1.0
27466,0.0
27468,0.0
27469,1.0
27470,0.0
27471,1.0
27472,0.0
27474,1.0
27476,1.0
27477,0.0
27478,1.0
27482,1.0
27483,1.0
27484,0.0
27485,1.0
27488,1.0
27489,1.0
27490,0.0
27492,1.0
27493,1.0
27494,1.0
27496,1.0
27497,1.0
27498,1.0
27500,1.0
27501,1.0
27502,1.0
27504,1.0
27505,0.0
27506,1.0
27508,1.0
27510,1.0
27511,0.0
27513,1.0
27514,0.0
27515,1.0
27516,0.0
27517,1.0
27518,0.0
27520,1.0
27523,1.0
27524,1.0
27526,1.0
27527,0.0
27528,0.0
27529,1.0
27532,1.0
27533,0.0
27534,0.0
27535,1.0
27536,1.0
27537,1.0
27538,1.0
27540,1.0
27541,1.0
27542,0.0
27543,1.0
27544,0.0
27545,1.0
27546,1.0
27547,1.0
27548,1.0
27550,1.0
27551,1.0
27554,1.0
27557,1.0
27558,1.0
27559,1.0
27564,1.0
27565,1.0
27566,1.0
27567,0.0
27568,0.0
27570,1.0
27571,0.0
27572,1.0
27573,1.0
27576,0.0
27577,0.0
27578,0.0
27579,1.0
27580,1.0
27581,1.0
27583,1.0
27584,1.0
27585,1.0
27587,1.0
27589,1.0
27590,1.0
27591,1.0
27592,1.0
27596,0.0
27598,1.0
27599,0.0
27600,1.0
27601,1.0
27602,1.0
27603,0.0
27608,0.0
27609,1.0
27610,1.0
27611,1.0
27612,0.0
27613,1.0
27614,1.0
27615,1.0
27616,1.0
27617,0.0
27618,1.0
27619,1.0
27620,1.0
27621,1.0
27622,0.0
27624,1.0
27626,1.0
27627,1.0
27629,0.0
27631,1.0
27632,1.0
27633,0.0
27634,1.0
27635,1.0
27636,0.0
27637,0.0
27638,0.0
27639,0.0
27640,1.0
27642,0.0
27643,1.0
27644,1.0
27646,1.0
27648,1.0
27649,1.0
27650,1.0
27651,1.0
27652,1.0
27653,1.0
27656,1.0
27657,1.0
27658,1.0
27659,1.0
27660,1.0
27662,1.0
27664,1.0
27665,0.0
27667,1.0
27668,1.0
27669,1.0
27670,1.0
27672,1.0
27673,0.0
27674,1.0
27675,0.0
27676,1.0
27677,0.0
27678,1.0
27680,1.0
27681,1.0
27682,0.0
27683,1.0
27684,1.0
27685,1.0
27686,1.0
27688,1.0
27692,1.0
27695,0.0
27696,1.0
27697,0.0
27698,1.0
27699,1.0
27700,1.0
27701,1.0
27702,0.0
27703,1.0
27704,1.0
27708,1.0
27711,1.0
27712,1.0
27713,0.0
27716,1.0
27717,1.0
27718,1.0
27720,1.0
27721,1.0
27722,0.0
27724,0.0
27726,1.0
27727,1.0
27728,1.0
27729,1.0
27732,0.0
27733,1.0
27734,1.0
27735,0.0
27736,1.0
27737,1.0
27739,1.0
27740,0.0
27741,1.0
27742,1.0
27744,1.0
27748,1.0
27749,1.0
27750,1.0
27751,1.0
27752,1.0
27753,1.0
27754,1.0
27755,1.0
27758,1.0
27759,1.0
27760,1.0
27761,0.0
27762,1.0
27763,1.0
27764,1.0
27767,0.0
27769,1.0
27770,0.0
27772,1.0
27774,1.0
27775,1.0
27776,1.0
27778,1.0
27779,1.0
27780,0.0
27781,1.0
27782,0.0
27784,1.0
27785,0.0
27786,0.0
27787,1.0
27790,1.0
27791,1.0
27792,0.0
27793,1.0
27794,1.0
27796,1.0
27799,0.0
27800,1.0
27801,1.0
27802,1.0
27803,1.0
27804,1.0
27805,1.0
27806,1.0
27808,1.0
27809,1.0
27811,1.0
27812,1.0
27813,1.0
27815,1.0
27816,1.0
27817,1.0
27818,1.0
27819,1.0
27820,1.0
27821,1.0
27822,0.0
27826,1.0
27827,0.0
27829,1.0
27830,1.0
27834,1.0
27835,1.0
27836,0.0
27839,1.0
27840,1.0
27842,0.0
27843,1.0
27845,1.0
27846,1.0
27847,1.0
27850,1.0
27851,1.0
27852,1.0
27853,1.0
27854,1.0
27855,1.0
27857,1.0
27860,1.0
27861,1.0
27862,1.0
27864,1.0
27866,0.0
27867,1.0
27869,1.0
27870,1.0
27871,1.0
27872,1.0
27873,1.0
27874,1.0
27876,1.0
27877,1.0
27880,1.0
27881,1.0
27882,1.0
27884,0.0
27885,1.0
27886,1.0
27888,1.0
27889,0.0
27891,1.0
27893,1.0
27894,1.0
27895,0.0
27896,1.0
27897,0.0
27898,1.0
27899,1.0
27900,1.0
27901,1.0
27902,0.0
27903,1.0
27904,1.0
27906,1.0
27908,0.0
27909,0.0
27910,1.0
27911,1.0
27912,1.0
27913,1.0
27915,1.0
27916,1.0
27918,1.0
27919,0.0
27920,1.0
27921,1.0
27922,1.0
27923,0.0
27924,1.0
27925,0.0
27926,1.0
27927,1.0
27929,0.0
27931,1.0
27932,1.0
27934,1.0
27935,1.0
27936,1.0
27939,1.0
27940,1.0
27941,1.0
27945,1.0
27947,1.0
27948,1.0
27949,1.0
27951,1.0
27952,1.0
27954,0.0
27955,1.0
27956,1.0
27957,1.0
27960,0.0
27962,1.0
27963,1.0
27964,1.0
27965,0.0
27966,0.0
27969,1.0
27970,0.0
27971,1.0
27972,1.0
27973,1.0
27975,1.0
27976,1.0
27977,1.0
27979,0.0
27980,1.0
27982,1.0
27983,1.0
27984,1.0
27985,1.0
27986,1.0
27987,1.0
27988,1.0
27990,0.0
27991,1.0
27992,1.0
27995,0.0
27997,1.0
27999,0.0
28001,0.0
28002,1.0
28003,1.0
28004,1.0
28005,1.0
28007,1.0
28008,1.0
28009,1.0
28011,1.0
28012,1.0
28013,1.0
28014,0.0
28015,1.0
28016,1.0
28017,1.0
28019,0.0
28021,1.0
28022,1.0
28023,0.0
28025,1.0
28026,1.0
28028,0.0
28029,1.0
28031,1.0
28032,1.0
28034,1.0
28035,1.0
28036,1.0
28037,1.0
28038,1.0
28040,0.0
28041,1.0
28042,1.0
28043,1.0
28044,1.0
28045,1.0
28046,1.0
28047,0.0
28048,1.0
28049,1.0
28052,1.0
28054,1.0
28055,1.0
28056,1.0
28057,1.0
28058,0.0
28059,1.0
28060,1.0
28062,1.0
28063,1.0
28064,1.0
28065,0.0
28066,1.0
28068,1.0
28069,1.0
28070,1.0
28071,1.0
28072,1.0
28073,1.0
28075,1.0
28076,0.0
28077,0.0
28078,1.0
28079,1.0
28080,1.0
28081,0.0
28082,0.0
28083,0.0
28085,1.0
28086,0.0
28087,0.0
28088,1.0
28089,1.0
28091,1.0
28094,0.0
28095,1.0
28096,1.0
28097,1.0
28098,1.0
28099,1.0
28100,1.0
28103,1.0
28104,1.0
28105,1.0
28106,1.0
28107,1.0
28108,1.0
28110,1.0
28112,1.0
28114,1.0
28115,1.0
28118,1.0
28120,1.0
28121,1.0
28123,1.0
28124,1.0
28125,0.0
28126,1.0
28131,1.0
28133,1.0
28134,0.0
28136,1.0
28137,1.0
28138,1.0
28140,1.0
28143,1.0
28144,1.0
28145,1.0
28146,1.0
28147,1.0
28148,0.0
28149,1.0
28151,0.0
28152,1.0
28154,1.0
28155,1.0
28156,0.0
28157,1.0
28158,0.0
28159,0.0
28160,1.0
28161,1.0
28163,1.0
28164,0.0
28165,1.0
28166,1.0
28167,1.0
28168,1.0
28170,1.0
28171,1.0
28172,1.0
28173,1.0
28176,1.0
28179,1.0
28180,1.0
28181,1.0
28182,1.0
28183,1.0
28185,1.0
28186,1.0
28190,1.0
28191,1.0
28192,0.0
28194,1.0
28195,1.0
28196,0.0
28197,0.0
28198,1.0
28199,1.0
28200,1.0
28201,1.0
28202,0.0
28203,0.0
28206,1.0
28207,1.0
28208,1.0
28210,1.0
28211,1.0
28212,1.0
28213,1.0
28214,1.0
28216,1.0
28217,1.0
28219,1.0
28220,1.0
28221,1.0
28223,0.0
28225,1.0
28226,1.0
28228,1.0
28229,1.0
28231,1.0
28232,1.0
28233,1.0
28234,1.0
28235,0.0
28236,1.0
28237,1.0
28238,1.0
28240,1.0
28241,1.0
28242,1.0
28244,1.0
28246,1.0
28247,1.0
28249,1.0
28250,1.0
28251,0.0
28252,1.0
28254,1.0
28255,1.0
28256,1.0
28257,0.0
28258,1.0
28259,1.0
28260,1.0
28261,1.0
28262,1.0
28263,0.0
28264,1.0
28265,1.0
28266,0.0
28267,1.0
28268,1.0
28269,1.0
28270,1.0
28271,1.0
28272,1.0
28274,0.0
28275,0.0
28276,1.0
28277,1.0
28278,1.0
28279,1.0
28280,1.0
28281,1.0
28282,1.0
28283,0.0
28284,1.0
28285,0.0
28288,1.0
28293,0.0
28294,1.0
28296,1.0
28297,0.0
28298,1.0
28299,1.0
28300,1.0
28301,1.0
28305,1.0
28306,1.0
28307,1.0
28310,0.0
28311,1.0
28312,1.0
28313,1.0
28314,1.0
28316,0.0
28317,0.0
28319,1.0
28321,0.0
28322,1.0
28323,1.0
28324,1.0
28325,1.0
28326,0.0
28327,0.0
28328,1.0
28329,1.0
28330,0.0
28331,0.0
28332,0.0
28334,0.0
28336,1.0
28338,1.0
28340,1.0
28341,1.0
28342,1.0
28343,0.0
28344,1.0
28346,1.0
28347,1.0
28350,1.0
28352,1.0
28354,1.0
28355,1.0
28356,1.0
28358,1.0
28360,1.0
28361,0.0
28362,1.0
28363,1.0
28364,1.0
28365,1.0
28366,1.0
28367,1.0
28368,0.0
28369,1.0
28370,0.0
28372,0.0
28373,1.0
28374,1.0
28375,1.0
28377,1.0
28379,0.0
28381,1.0
28384,0.0
28385,1.0
28386,1.0
28388,1.0
28389,0.0
28391,1.0
28393,0.0
28396,1.0
28398,0.0
28399,1.0
28400,1.0
28401,1.0
28402,1.0
28403,1.0
28404,0.0
28405,1.0
28407,1.0
28411,1.0
28414,1.0
28415,0.0
28416,1.0
28417,1.0
28419,0.0
28420,1.0
28421,1.0
28422,1.0
28423,1.0
28424,1.0
28425,1.0
28427,1.0
28429,1.0
28430,0.0
28431,1.0
28432,1.0
28433,0.0
28434,0.0
28435,1.0
28436,1.0
28439,0.0
28440,1.0
28442,1.0
28443,1.0
28444,1.0
28445,1.0
28446,1.0
28448,1.0
28449,1.0
28451,1.0
28452,0.0
28453,1.0
28454,1.0
28456,1.0
28457,1.0
28458,1.0
28460,1.0
28461,1.0
28462,1.0
28463,0.0
28465,1.0
28466,1.0
28467,1.0
28468,1.0
28469,1.0
28470,1.0
28471,1.0
28472,1.0
28474,1.0
28475,1.0
28477,1.0
28478,1.0
28479,1.0
28481,0.0
28482,1.0
28483,1.0
28486,1.0
28487,1.0
28488,1.0
28489,0.0
28490,1.0
28492,1.0
28493,1.0
28494,1.0
28495,1.0
28497,0.0
28499,1.0
28500,1.0
28501,1.0
28502,1.0
28503,1.0
28505,0.0
28506,0.0
28510,0.0
28511,1.0
28513,1.0
28514,1.0
28516,1.0
28517,1.0
28520,1.0
28521,1.0
28522,1.0
28523,1.0
28524,1.0
28526,1.0
28527,1.0
28528,1.0
28529,1.0
28532,0.0
28533,1.0
28534,0.0
28535,1.0
28536,0.0
28538,1.0
28539,1.0
28540,1.0
28542,1.0
28543,1.0
28544,1.0
28545,1.0
28547,1.0
28550,1.0
28551,1.0
28552,1.0
28553,1.0
28555,1.0
28556,1.0
28558,1.0
28559,0.0
28560,1.0
28561,1.0
28562,1.0
28564,1.0
28566,1.0
28567,0.0
28569,1.0
28570,0.0
28571,1.0
28573,0.0
28575,1.0
28576,1.0
28577,0.0
28578,1.0
28579,1.0
28581,0.0
28582,1.0
28583,1.0
28584,1.0
28585,1.0
28589,1.0
28590,1.0
28591,0.0
28592,1.0
28593,1.0
28594,1.0
28597,1.0
28598,0.0
28600,1.0
28601,1.0
28602,1.0
28603,1.0
28604,0.0
28605,1.0
28606,1.0
28607,1.0
28609,1.0
28610,1.0
28612,1.0
28614,1.0
28615,1.0
28617,1.0
28619,1.0
28620,0.0
28621,1.0
28622,1.0
28624,1.0
28625,1.0
28626,1.0
28629,1.0
28630,1.0
28633,1.0
28634,1.0
28635,1.0
28636,1.0
28637,1.0
28638,1.0
28639,1.0
28640,1.0
28642,0.0
28643,1.0
28644,1.0
28645,1.0
28647,0.0
28648,1.0
28649,1.0
28650,1.0
28652,1.0
28653,1.0
28654,1.0
28655,0.0
28657,1.0
28658,1.0
28659,1.0
28660,1.0
28661,1.0
28662,1.0
28663,1.0
28664,1.0
28665,0.0
28666,0.0
28667,0.0
28668,0.0
28669,1.0
28670,1.0
28671,1.0
28672,1.0
28673,1.0
28675,0.0
28676,1.0
28677,1.0
28678,1.0
28679,1.0
28680,1.0
28682,1.0
28684,1.0
28686,0.0
28688,0.0
28689,0.0
28690,0.0
28691,1.0
28692,1.0
28693,1.0
28699,1.0
28700,0.0
28702,0.0
28703,1.0
28704,1.0
28706,1.0
28708,0.0
28709,0.0
28710,0.0
28712,1.0
28713,1.0
28714,0.0
28715,1.0
28717,1.0
28718,1.0
28719,1.0
28720,1.0
28722,1.0
28723,0.0
28724,1.0
28725,0.0
28727,1.0
28728,1.0
28729,1.0
28730,0.0
28732,1.0
28733,1.0
28734,1.0
28736,1.0
28737,1.0
28738,0.0
28739,0.0
28740,1.0
28741,1.0
28743,1.0
28747,1.0
28748,0.0
28753,1.0
28756,1.0
28758,1.0
28759,1.0
28761,1.0
28763,1.0
28765,0.0
28766,1.0
28767,1.0
28768,1.0
28769,0.0
28770,1.0
28771,1.0
28773,1.0
28775,1.0
28776,1.0
28777,0.0
28778,1.0
28780,0.0
28782,0.0
28783,1.0
28784,1.0
28785,1.0
28786,1.0
28787,1.0
28788,1.0
28789,1.0
28790,1.0
28791,1.0
28792,1.0
28793,1.0
28794,1.0
28797,1.0
28798,1.0
28799,1.0
28801,1.0
28803,1.0
28804,0.0
28805,1.0
28806,1.0
28810,1.0
28811,0.0
28812,1.0
28813,0.0
28814,0.0
28816,1.0
28818,1.0
28819,1.0
28820,0.0
28822,1.0
28826,1.0
28828,1.0
28829,1.0
28830,1.0
28831,1.0
28832,1.0
28833,1.0
28835,0.0
28836,0.0
28837,1.0
28838,1.0
28839,0.0
28840,1.0
28841,0.0
28842,0.0
28844,1.0
28845,1.0
28846,1.0
28847,1.0
28848,1.0
28849,1.0
28850,1.0
28851,1.0
28855,1.0
28856,1.0
28857,1.0
28859,1.0
28860,1.0
28863,1.0
28864,1.0
28865,1.0
28867,1.0
28869,0.0
28870,1.0
28871,0.0
28872,1.0
28873,1.0
28874,1.0
28875,1.0
28877,1.0
28878,1.0
28879,1.0
28880,1.0
28881,1.0
28882,1.0
28884,0.0
28886,1.0
28887,1.0
28888,1.0
28889,1.0
28891,1.0
28893,1.0
28895,1.0
28896,0.0
28897,1.0
28899,1.0
28901,1.0
28902,1.0
28903,1.0
28906,1.0
28908,0.0
28909,1.0
28910,0.0
28912,0.0
28913,1.0
28915,1.0
28916,1.0
28917,1.0
28918,0.0
28919,1.0
28921,1.0
28922,1.0
28924,1.0
28925,1.0
28927,1.0
28931,0.0
28932,0.0
28934,1.0
28935,1.0
28936,1.0
28937,1.0
28939,1.0
28940,1.0
28943,0.0
28945,0.0
28946,1.0
28947,1.0
28949,1.0
28950,0.0
28952,1.0
28953,1.0
28954,1.0
28956,1.0
28957,1.0
28958,0.0
28959,0.0
28960,1.0
28965,1.0
28969,1.0
28970,1.0
28971,1.0
28972,1.0
28973,1.0
28977,1.0
28978,0.0
28980,0.0
28981,1.0
28982,1.0
28983,1.0
28984,1.0
28985,1.0
28986,1.0
28988,1.0
28989,0.0
28991,0.0
28992,1.0
28994,1.0
28995,0.0
28996,1.0
28997,1.0
29000,1.0
29002,0.0
29003,1.0
29004,1.0
29006,1.0
29007,1.0
29009,1.0
29010,1.0
29013,1.0
29014,0.0
29016,1.0
29017,1.0
29018,0.0
29021,1.0
29022,1.0
29023,1.0
29024,0.0
29025,1.0
29027,1.0
29031,0.0
29032,1.0
29033,1.0
29034,0.0
29036,1.0
29039,1.0
29040,0.0
29041,1.0
29042,1.0
29043,0.0
29044,1.0
29045,1.0
29046,1.0
29048,1.0
29049,1.0
29050,1.0
29051,1.0
29052,1.0
29053,1.0
29054,0.0
29055,1.0
29056,0.0
29057,1.0
29058,1.0
29059,1.0
29060,1.0
29062,1.0
29064,1.0
29065,1.0
29066,1.0
29068,1.0
29069,1.0
29070,1.0
29074,1.0
29075,1.0
29076,1.0
29077,1.0
29078,0.0
29079,1.0
29080,1.0
29082,1.0
29083,1.0
29084,1.0
29085,0.0
29086,1.0
29088,1.0
29089,1.0
29091,1.0
29092,1.0
29093,1.0
29094,1.0
29097,1.0
29100,1.0
29101,1.0
29102,1.0
29103,1.0
29104,1.0
29105,0.0
29106,1.0
29107,1.0
29108,1.0
29109,1.0
29110,1.0
29112,1.0
29113,1.0
29114,1.0
29115,1.0
29116,1.0
29117,1.0
29119,1.0
29120,1.0
29123,1.0
29125,1.0
29126,1.0
29128,1.0
29129,0.0
29130,0.0
29131,1.0
29133,1.0
29134,1.0
29136,1.0
29139,1.0
29140,0.0
29142,1.0
29143,1.0
29144,0.0
29145,1.0
29146,1.0
29149,1.0
29150,1.0
29151,1.0
29152,1.0
29153,1.0
29154,0.0
29155,1.0
29156,1.0
29157,1.0
29158,1.0
29160,0.0
29162,0.0
29164,1.0
29165,1.0
29167,1.0
29168,0.0
29170,1.0
29172,0.0
29173,1.0
29176,0.0
29177,1.0
29179,1.0
29180,1.0
29181,0.0
29182,0.0
29183,1.0
29184,1.0
29185,1.0
29186,1.0
29187,1.0
29188,1.0
29190,0.0
29191,1.0
29192,1.0
29194,1.0
29195,0.0
29196,1.0
29197,1.0
29198,1.0
29199,1.0
29200,1.0
29203,1.0
29206,1.0
29207,1.0
29208,1.0
29210,1.0
29211,0.0
29213,1.0
29214,1.0
29215,0.0
29216,1.0
29217,1.0
29219,1.0
29220,1.0
29222,0.0
29223,1.0
29225,0.0
29227,1.0
29228,1.0
29230,1.0
29231,1.0
29232,1.0
29234,0.0
29236,1.0
29237,1.0
29238,0.0
29241,0.0
29242,1.0
29244,1.0
29245,0.0
29246,1.0
29248,1.0
29250,1.0
29251,1.0
29252,1.0
29253,1.0
29254,1.0
29255,1.0
29256,1.0
29257,0.0
29258,1.0
29259,1.0
29260,1.0
29262,1.0
29263,1.0
29264,1.0
29265,1.0
29266,1.0
29267,1.0
29268,1.0
29270,1.0
29272,1.0
29274,0.0
29275,0.0
29276,1.0
29279,1.0
29280,0.0
29282,1.0
29284,1.0
29287,1.0
29288,1.0
29289,1.0
29291,1.0
29292,1.0
29293,1.0
29296,1.0
29300,0.0
29301,1.0
29302,1.0
29305,1.0
29306,1.0
29307,1.0
29308,1.0
29309,1.0
29310,1.0
29311,1.0
29312,1.0
29314,1.0
29317,1.0
29318,1.0
29319,1.0
29320,1.0
29321,1.0
29322,0.0
29324,1.0
29325,1.0
29327,0.0
29329,1.0
29330,1.0
29333,1.0
29334,1.0
29335,1.0
29337,1.0
29338,0.0
29339,1.0
29340,1.0
29341,1.0
29343,1.0
29344,1.0
29345,1.0
29347,0.0
29348,1.0
29349,1.0
29350,1.0
29351,1.0
29355,1.0
29356,1.0
29357,1.0
29358,1.0
29359,0.0
29360,1.0
29361,1.0
29362,1.0
29363,1.0
29364,1.0
29365,1.0
29366,1.0
29368,1.0
29370,1.0
29371,1.0
29372,1.0
29374,1.0
29375,1.0
29376,1.0
29377,1.0
29378,1.0
29379,1.0
29380,1.0
29381,1.0
29382,1.0
29383,1.0
29384,1.0
29385,1.0
29388,1.0
29390,1.0
29391,0.0
29393,0.0
29394,1.0
29395,1.0
29397,1.0
29398,1.0
29399,1.0
29404,0.0
29405,1.0
29406,1.0
29407,0.0
29408,1.0
29409,1.0
29410,1.0
29411,0.0
29413,1.0
29414,1.0
29419,1.0
29420,1.0
29421,1.0
29423,0.0
29425,1.0
29426,0.0
29427,0.0
29428,1.0
29431,0.0
29432,0.0
29433,1.0
29435,1.0
29436,1.0
29437,1.0
29438,1.0
29439,1.0
29440,1.0
29442,1.0
29445,1.0
29447,1.0
29451,1.0
29453,1.0
29455,1.0
29456,1.0
29457,1.0
29458,1.0
29459,1.0
29460,1.0
29461,1.0
29462,1.0
29463,1.0
29464,1.0
29465,0.0
29466,1.0
29467,1.0
29468,1.0
29469,1.0
29470,1.0
29471,0.0
29472,0.0
29473,0.0
29474,1.0
29475,0.0
29478,1.0
29479,1.0
29480,1.0
29481,1.0
29483,1.0
29484,1.0
29485,1.0
29486,1.0
29487,0.0
29488,1.0
29489,0.0
29492,1.0
29493,1.0
29494,1.0
29496,1.0
29497,1.0
29499,1.0
29501,1.0
29502,0.0
29503,1.0
29505,1.0
29507,1.0
29508,1.0
29509,0.0
29510,0.0
29512,1.0
29513,1.0
29514,1.0
29515,1.0
29516,1.0
29517,1.0
29518,0.0
29519,1.0
29520,1.0
29521,1.0
29523,0.0
29525,1.0
29526,1.0
29527,1.0
29528,1.0
29529,0.0
29531,0.0
29532,1.0
29533,1.0
29534,1.0
29535,0.0
29536,0.0
29537,1.0
29538,1.0
29539,1.0
29541,1.0
29542,1.0
29543,0.0
29544,1.0
29546,1.0
29547,1.0
29548,1.0
29549,1.0
29550,1.0
29551,1.0
29552,1.0
29553,1.0
29555,1.0
29557,0.0
29558,1.0
29559,1.0
29561,1.0
29563,1.0
29564,1.0
29565,1.0
29566,1.0
29567,1.0
29568,1.0
29569,1.0
29570,1.0
29571,1.0
29572,1.0
29573,0.0
29574,1.0
29575,1.0
29578,1.0
29579,0.0
29581,1.0
29582,1.0
29583,1.0
29584,1.0
29585,1.0
29586,1.0
29587,0.0
29588,0.0
29589,1.0
29591,1.0
29593,1.0
29594,1.0
29595,0.0
29596,1.0
29599,0.0
29601,0.0
29602,1.0
29604,1.0
29605,1.0
29606,1.0
29611,1.0
29612,1.0
29613,0.0
29614,1.0
29617,1.0
29618,1.0
29619,1.0
29620,1.0
29621,1.0
29623,0.0
29624,1.0
29625,1.0
29629,1.0
29631,1.0
29632,1.0
29634,1.0
29638,1.0
29639,1.0
29641,1.0
29643,1.0
29644,1.0
29646,1.0
29647,1.0
29648,1.0
29649,1.0
29650,0.0
29651,0.0
29652,0.0
29653,1.0
29655,1.0
29656,1.0
29657,1.0
29659,1.0
29660,0.0
29663,0.0
29664,1.0
29665,1.0
29666,1.0
29668,1.0
29669,1.0
29671,1.0
29672,1.0
29674,0.0
29675,1.0
29676,1.0
29678,1.0
29680,1.0
29681,1.0
29683,1.0
29684,1.0
29687,1.0
29689,1.0
29690,1.0
29691,1.0
29693,1.0
29694,1.0
29697,0.0
29698,1.0
29699,0.0
29700,1.0
29701,1.0
29703,1.0
29704,1.0
29706,1.0
29708,1.0
29711,0.0
29712,1.0
29713,1.0
29714,0.0
29715,1.0
29716,1.0
29717,1.0
29719,1.0
29721,1.0
29722,0.0
29723,0.0
29724,1.0
29725,0.0
29726,0.0
29727,1.0
29733,1.0
29734,1.0
29736,1.0
29738,1.0
29742,1.0
29743,1.0
29744,1.0
29746,1.0
29747,1.0
29748,1.0
29749,1.0
29750,1.0
29752,1.0
29753,1.0
29755,1.0
29756,0.0
29757,1.0
29758,1.0
29759,1.0
29760,0.0
29761,0.0
29763,1.0
29765,1.0
29768,0.0
29769,1.0
29770,1.0
29772,1.0
29773,1.0
29774,1.0
29775,1.0
29776,1.0
29777,0.0
29778,1.0
29779,1.0
29780,1.0
29782,0.0
29783,1.0
29784,0.0
29787,0.0
29788,1.0
29790,1.0
29792,0.0
29794,1.0
29795,1.0
29796,1.0
29797,1.0
29798,1.0
29800,0.0
29801,1.0
29804,1.0
29809,1.0
29810,1.0
29811,1.0
29814,1.0
29818,1.0
29819,1.0
29820,1.0
29821,1.0
29822,1.0
29823,1.0
29824,1.0
29825,1.0
29826,1.0
29827,1.0
29830,0.0
29835,1.0
29837,0.0
29838,1.0
29839,1.0
29841,1.0
29842,0.0
29843,1.0
29846,1.0
29847,0.0
29848,0.0
29849,1.0
29851,1.0
29852,1.0
29853,1.0
29854,1.0
29858,1.0
29859,1.0
29860,0.0
29861,1.0
29862,0.0
29863,0.0
29864,1.0
29865,1.0
29866,1.0
29867,1.0
29868,1.0
29869,1.0
29870,1.0
29871,1.0
29872,0.0
29873,1.0
29875,1.0
29876,1.0
29877,1.0
29879,1.0
29881,1.0
29882,1.0
29883,1.0
29885,1.0
29886,1.0
29887,1.0
29888,1.0
29889,0.0
29890,1.0
29892,1.0
29893,1.0
29894,0.0
29896,1.0
29897,1.0
29898,1.0
29899,1.0
29900,1.0
29903,0.0
29904,1.0
29905,1.0
29906,1.0
29907,1.0
29908,1.0
29909,1.0
29910,1.0
29911,0.0
29912,0.0
29913,0.0
29914,1.0
29915,1.0
29916,1.0
29917,0.0
29918,1.0
29920,1.0
29925,1.0
29926,1.0
29928,0.0
29931,1.0
29932,1.0
29933,1.0
29934,1.0
29935,1.0
29936,1.0
29937,1.0
29939,1.0
29940,0.0
29941,1.0
29943,1.0
29944,1.0
29945,0.0
29946,1.0
29947,0.0
29948,1.0
29949,1.0
29950,1.0
29952,1.0
29954,1.0
29955,0.0
29956,1.0
29958,1.0
29959,1.0
29962,1.0
29963,1.0
29965,1.0
29966,1.0
29967,0.0
29969,1.0
29970,1.0
29972,1.0
29974,1.0
29975,0.0
29979,1.0
29980,1.0
29981,1.0
29982,1.0
29984,1.0
29985,0.0
29987,1.0
29988,1.0
29989,1.0
29990,0.0
29991,1.0
29992,1.0
29994,0.0
29995,1.0
29998,0.0
30000,1.0
30003,1.0
30004,1.0
30005,1.0
30006,1.0
30008,1.0
30009,1.0
30010,0.0
30011,1.0
30012,1.0
30013,1.0
30014,1.0
30015,0.0
30017,1.0
30018,1.0
30019,0.0
30020,1.0
30021,0.0
30022,1.0
30023,1.0
30024,1.0
30025,1.0
30026,1.0
30027,1.0
30029,1.0
30031,0.0
30032,1.0
30034,1.0
30037,1.0
30038,1.0
30039,1.0
30040,1.0
30041,1.0
30043,1.0
30045,1.0
30046,0.0
30047,0.0
30048,0.0
30049,0.0
30050,1.0
30051,1.0
30052,1.0
30054,1.0
30056,0.0
30059,1.0
30060,1.0
30062,1.0
30064,1.0
30065,1.0
30066,1.0
30067,1.0
30069,1.0
30070,1.0
30071,1.0
30072,1.0
30073,1.0
30074,1.0
30075,1.0
30076,1.0
30077,1.0
30078,1.0
30079,1.0
30081,1.0
30082,1.0
30083,1.0
30084,1.0
30085,1.0
30086,1.0
30088,1.0
30090,1.0
30093,1.0
30094,1.0
30096,1.0
30097,1.0
30099,1.0
30100,0.0
30101,0.0
30103,1.0
30104,1.0
30107,1.0
30108,1.0
30109,1.0
30110,1.0
30111,0.0
30114,1.0
30115,0.0
30116,1.0
30117,0.0
30120,1.0
30121,1.0
30122,1.0
30125,1.0
30126,1.0
30128,1.0
30130,1.0
30132,1.0
30134,1.0
30136,1.0
30137,1.0
30139,1.0
30141,1.0
30142,1.0
30143,0.0
30144,0.0
30145,1.0
30146,1.0
30148,0.0
30149,1.0
30150,1.0
30153,1.0
30154,1.0
30155,1.0
30156,1.0
30157,1.0
30158,1.0
30159,0.0
30160,0.0
30161,1.0
30162,1.0
30163,0.0
30164,1.0
30165,1.0
30166,1.0
30168,1.0
30170,0.0
30175,1.0
30176,0.0
30177,1.0
30179,1.0
30180,1.0
30183,1.0
30184,1.0
30185,1.0
30187,1.0
30188,1.0
30190,1.0
30191,1.0
30192,1.0
30193,1.0
30194,0.0
30195,1.0
30196,1.0
30197,0.0
30198,1.0
30200,1.0
30201,1.0
30202,0.0
30203,1.0
30205,1.0
30207,1.0
30208,1.0
30209,1.0
30212,1.0
30214,1.0
30216,1.0
30217,1.0
30218,1.0
30220,0.0
30224,1.0
30225,1.0
30226,1.0
30229,0.0
30231,0.0
30232,1.0
30233,1.0
30236,1.0
30237,1.0
30240,1.0
30241,1.0
30242,1.0
30243,1.0
30244,1.0
30247,0.0
30248,1.0
30250,1.0
30252,1.0
30253,0.0
30254,0.0
30255,1.0
30256,1.0
30257,1.0
30259,1.0
30260,1.0
30261,1.0
30262,1.0
30263,1.0
30265,0.0
30266,1.0
30267,1.0
30270,1.0
30272,1.0
30274,1.0
30275,1.0
30276,1.0
30277,1.0
30278,1.0
30280,1.0
30281,0.0
30282,1.0
30287,1.0
30289,1.0
30290,1.0
30291,1.0
30292,0.0
30293,1.0
30294,1.0
30295,1.0
30297,0.0
30298,1.0
30299,1.0
30301,1.0
